cosmos1w449whpk9ys5r5fnhpy8rzadfpa0jnh9sptsd5,1122.57349104
cosmos1veez0kh863t870stc4xmke49uku47w4m34pqms,32931.76083982
cosmos126c27lqhhxafz8w4gceadzjrzlgzx9gwuu06qr,3095.27554149
cosmos1ewltl3xcechy7nta7mjxexrm7lwkdxyxlj8a0d,4918.08335583
cosmos1uvwt062hfrmg893dr8n347rvt7w02n9ggu5cm5,2.188459796
cosmos17qt9fvy6ldusn8t2gce2xc90wh3ykjckkqrg5d,2288.92097293
cosmos1mme5u34kd53t4syclka0tqnkjaq37kmcjw03rr,435.52572773
cosmos1vjgrpvdeesa6gzx00l7xws6m03mmclyq8c3hd5,192.46413813
cosmos1pu8fwhtrzy4lz0zmnylwa2mvdft5h6s7334cde,7029.36330001
cosmos1l3yzv6cxsvrnh5wsl76cj49wlju7dkfykkmy77,2.24164571
cosmos16avyfvtyjjzvec40t6vzyca904kjzqffy695mk,5688.09990134
cosmos167wsxxcte77qm95art8z8whmlm0klh3xunpxxq,60662.87067587
cosmos1xufg62wjhhjsk38j8273h7vyucgaz7ydjp0ldp,920.96185264
cosmos1he2qerejuchq8addvss4lh2y2l8up3sew53ng6,2380.37984558
cosmos1h7mz6rjkx86mggxcwvggpflg5w3dx9tawg6xax,12886.28543474
cosmos1nc3jvzkagxue2x0sdn35pgpa5qfa7sf3q3knd7,5402.24040882
cosmos10g5ku0kxtxc7a44uuatrvt92lzcaxpnkj3cpg2,8546.77547688
cosmos1qgvxt59qkq3jhjskn4vl0nma9xfxrqauaswkdx,39576.61568165
cosmos189pynfchghnhex63zaplp8673grydg06egxqu3,64.93622245
cosmos1kq8k6apw04mrfj8g7a5mehdagujc6qjm4l0vsm,4244.97895852
cosmos1waq5r89dvukwuvttcd58r5ul8y8rqfxl9q29ud,11788.2052552
cosmos19kzeyc7wmsztqaj9f2dasyqqn0gla007f6d4st,2180.24825118
cosmos12u0d23ryuzvhlexyq2mhnl5vtd6p29hy2xh65v,108515.1478525
cosmos1fhrcqz6l89s8udy6a6auf4u0yfh33unt4lyn4h,55573.86861195
cosmos1hlgu6a0u9dmgkv4yqft5rk6d23frjq0kju7vyn,167.49302744
cosmos1vfv6q0kt7e6e56f0hgafl0327wgw5ss70869y5,103.90301292
cosmos1c7r238lhtjm9prgfyw60jpyjkjw8n3jldckuu8,113120.98595334
cosmos1vdshvuhfg2swe9kz49h5h2t9gytpyhhkakpqvm,129516.62923914
cosmos1jdmtm6dej4aynqrjy69vl2695ru82u4lfhlzq5,57.53818215
cosmos1l8xtv9r3lxqux75d4wrd9x8vj3fcvh0aqlecrh,687.59487825
cosmos1mvq9pd2a6mgy4pg4r877n3kgugmszme5h300s8,28.64223016
cosmos1jcldg73vd36yyqp2cusshtkmyp63qfyep07nsv,62804.06974238
cosmos10mgd7a7xpyukpe0eufmy0ku8v4ayu7hxpkucqs,4322.40945528
cosmos12tm47mx4uuzp7sajrt3wnu7e32drdpy8wt9cqw,1620354.05138104
cosmos1qle2y7mgtad75vncgaclm8hxvgh6f7tmy3mltr,1921.30986548
cosmos158x4x9u7zrrk9ah6el255g6m2fkpna876txt9e,1.5406408
cosmos1305e96qs5zs62hwdl77sz7kyc4ld44ckg2a80d,1708.12249554
cosmos1fwlqk39z95csmsqzdhcktdn4r0k6tr9ygpw8t0,6902.95882274
cosmos1wngsl8j00pzh2682ktqejnl5jhj3wsw0thy4j9,1.96569026
cosmos15ycedf80uhwafj39nud484ctmc02eq5rkceuxs,359751.26595096
cosmos17mn4wew2uk3hg37euzyq225dwgkea0r0a3uxvl,117546.90824793
cosmos1mkrzjgydsp5nkn364yllpp2a2xqjrce3zffe2m,2901.28602074
cosmos1d33q7gmay57hxxjpvz8e43ys7l2nyktxw7xq9g,2704.00727111
cosmos1ywktvevvvwv3jklv2ecn9xh99rh026jdcnjyvl,157525.3342984
cosmos1j58m2wn29n22pkhdq6ch2xpel3wk7zhm7rhl5z,7691.81094451
cosmos16uwk2kah2pghs4s5xc3dvknc66jrulcxlehzxt,847.74043538
cosmos1j3xmdxwp0kyzkvt5pz6y4rysld686c6pc3u0wt,13924.02341355
cosmos1f5405gt3nprw394stt63mqq77pm9vx8x8qlthm,16557.3600001
cosmos1jppc8dyxva7yg6g6as59aqd368f2l03d575s7u,928.85295031
cosmos1q5u8s8nn2fsmnspryqjjne73lnn69hwc3gm6hs,446.13714193
cosmos154sgcz8cj2w4d3tnte88l7av0wwxhjmnwmv6z7,4068.49667999
cosmos1pd2eq72hjpe0ryhm8el0kktamyppssulme03rn,354230.08754902
cosmos157xdcfxkm46nanjladaw09wshwpx0kpskz4z5h,152.50818129
cosmos14k90htgerhu9cjre4ucthf8fyfs5dks5ufgusa,209.1182298
cosmos1awnptrwhlmx7uqgfumvmqjhgdkzerxqlzm22kt,35195.0375981
cosmos1ahfhw3y0709wp9vlwc6jxg8tlhy8wl6ux3m24g,127978.14943142
cosmos1p6gtcdvl3zt8w5sykzct8kjmle8d7vr3ukev54,6656.59536176
cosmos1wxpats25ua50m6vg045drjxca8zf3eue89s3l9,20524.28293819
cosmos1ex0c6vy469x2r4z5elxk9nuvmxw4r0ngkwt4ff,1691.49456077
cosmos166cw8s3e87gvq0kf8h9tskskcsmn6xgtnqpjfu,534.34427724
cosmos1k4hl0ve3ga2tvh2z0ndltm80d6659avv6la6xw,54906.11286263
cosmos1vpllfntaeewjkqdp6fkxtr6rf5ke5qs98mzdpj,76441.26716634
cosmos1q9404xtl00vxqz27tn3dt9wzhtlp6dmkkpjlmx,4554.05661417
cosmos1s4748jvk4xaszqg5u6wgp9l29murureps0hzfu,7589.0583988
cosmos1p94thtqkptf0u2a3n7qjzh88r50cfw9pc8nycu,3838.44073189
cosmos1xuftajsjkjgxfv7klze4cwd6rj7r362vwglfrz,1828.05880994
cosmos1rs6yx6gm7398a2dvp65nlp0knrg2z4nyhzplr8,3678.56764236
cosmos1a0ejn9dknj7g4a0azruknnx57rdvrw4e9k4asp,2.24556898
cosmos1mg85nyvpw6tt6gvce7sp2dq2dawrrnfkqry3n6,2554.83016973
cosmos1gxv0alz2ax80e65w788f8aj5a65zynz5jtzcec,179.05480863
cosmos1qyxlsc6cm78mhqhm3mes44gxze3g6xjfm7v5rj,18646.77627208
cosmos144nyq9vj9at9tfgkr0ltt8j8s9jh502xqp5hj7,3129.04190634
cosmos1m5v8axtx6wz3cwkj46pvlsad423p89w0vasljf,0.38712197
cosmos1j97r089y4886e0j5nfnanxeq0ltszfzth220k9,68628.60398034
cosmos1vfggphy4csnk8wvar8wl9cyzy26j5qrzw40vuu,15921.3608946
cosmos1lqpe3pm54a3yqc6deg9e37s3df87gxwuw6de2k,7442.61992376
cosmos14e7gxxflvfvm8mqr87x6fkxfd29vsx62qus5nu,15084.689619
cosmos1m0lhmzt93usk5ekczcjvyd97dkp4zyfk6uppja,4450.63881155
cosmos1sagfe0zx7cppmmg5ur94t3h7s2n3kl4gjywcme,1567.02874497
cosmos1zgevkknwk50kzglfrkx0agp56l39vzgzsaf7a0,124.04686962
cosmos120tmjfun43g3elgddr6ah2cezyfz82frqdkd6k,95889.8414768
cosmos199qy5wkz9u7u5geg7p4mmekk3vq49x9t4jklkm,38356.79479827
cosmos18suqc9uslz0hhl2z9ccelaxyzrw5lk5d653aw9,917.52047785
cosmos1ykmvxndty06z758n6r7jpahx6xpdc9p5f0y484,1.74466454
cosmos17t4445ae7enef8kqkaw72deux5y4wgm7wl6982,5443.94800538
cosmos1wfp2pc0pn3ykmsptk5hl7yq7nnqe3pcmka0qza,101848.66344264
cosmos1d96f9e6fyck2fvuenczujp4z2ykx8akzf3m3gj,46118.26371977
cosmos1q2qxrkz2f96vwa62z44ctktsre30vm8a0qq2s5,21709.37880671
cosmos1la20n09fn29l2ekqc80va7uy42g3ytx87qyjpt,456.35184331
cosmos19un4vkndcejs7zjaycr53g6lrejn80jca56wp4,10851.96603519
cosmos17sclh26kuchakx2rnp06ksjyefq7lgqwd03xcy,2271.72804934
cosmos14q8va0anj2ee7vnn3c94cdcph23u89ej64erd9,1377.89699458
cosmos10rk309lsvhacs4ycr6xmc0jwptl9fs6wgsk9xk,25877.35275388
cosmos167mm0vuq52u77crdv44w8w774pxa82z97ks2up,88172.25553319
cosmos16pmjmp652ta9kqhp4zaklqpnkcmlj9ntz4sluy,6284.29999132
cosmos1a80h8wx74yczws53ap5zm5f8t7udf8u6fy6ee2,2900015.93808574
cosmos1uqh2zdus2jskxaxx4gy4h28mwcvhjektdac4q6,516852.2352305
cosmos1cwcvse6v3dsp3rt6y063nfwkyzfzm3ndcqrdyu,123.55032466
cosmos14l4g4lvwl0tg6thmpl5q9337drs3he4464ufqg,56.22772197
cosmos1v95u28cr5crrvk7448225kcj23820y4ke3my5a,107.11507897
cosmos1l88arpqz6nfqs9j9d9ccn28cwva3qdy55srv66,11716.91552425
cosmos1vgagsdhcn4x98t4dudfupzyn0lf5tn3g99wee8,15590.23952017
cosmos1z6zztnxx5hjzzajgautuyrghjf3uzgdluwpc2a,10209.28384438
cosmos13v9c0slnr6r7wreacxyr0d9f33qvqc9sthjn9a,63.93179788
cosmos1pz5vljl9f0xr0hp4mrmphsrley6nlu2d4cvxj5,62039.86656561
cosmos1fv6kdpp6ttsvsjp92z6mj474wtx5udghjf0fla,2.13701789
cosmos1ssh555dcf9ykgwyk7wnhtufrumhsur5qd95enm,2.67323413
cosmos1n04jwcumfj5xqhgj3ugjyvgafttk0w8dd23m9v,11184.28452328
cosmos1zsl3cqtp0w77hkejfuhag2xcq76alzajg9f7xu,5.01732739
cosmos14nntpf8e270004y5rclnj4htzgs5k7dlyj3sta,4343.66323599
cosmos18rdgaxkrjaweazqpsc0s7ac4zev2vsamaw8yxp,3437.21889308
cosmos1plszvk2vqz5sx8nc3vaxua8ehpqw76ueyf80xr,4036.78493882
cosmos14pffc72cd4qr7yaa5t4n75dgwz2x268k729qd6,10691.68620603
cosmos1qcg2xqerlg2usvt5yvdl85ku289h6lplsf0xwa,1852.11486544
cosmos1uq0hjtcjrl6caj2zatferf6vazvtmq63mzuart,21523.86760581
cosmos1acm96k9yk4z7kzjv3anvhfpsxs0kfgyfl3ffnu,32858.87292291
cosmos13sm3pgu2lgqjjjg40k046dnkw5rl9ycqm772l6,737.49263292
cosmos12pxejrdng6dc5vwuvuys6ac9ugqkfja7mq9r7s,118214.69625741
cosmos1zqwxrxfjtuc02qhz82s7uwvss6n0y2flsu7p0k,659012.73700564
cosmos16ymws5kmasxywfml37cpt640qql9x3jd4755nu,73.63774775
cosmos14h5n3fut4hvcvjlh3fhthxufeutxjpffgp4j93,550.46738405
cosmos1ueqeu429d47kqll43cng39eduh03r3a5xvdk7y,606.68420732
cosmos1vw4nku3lnhz0eq9xn8x0s63cjflkjqvhy389zj,401.52525872
cosmos1gh6vd5h9wcmfgggsyp6g85nng0vel3tcrarx69,188.56806941
cosmos1axa0kwtpf4phhwmk7ycca5dr5unww837l0809g,4032.00563913
cosmos1hlyv0pn49zlvvnm0jl702kuh9x75veqz4n3ulg,16298.15917361
cosmos1eq7vyh3d04s9laljjjetwd52kcthdl80rq4qyt,29.627473
cosmos1pemv2ju5txcdes6pgv8ctspmgh4m07uwvrtap7,3222.03095703
cosmos1hsn0lydffkhq8l7amyr5pnpcul42njhxgazpxf,30960.96606258
cosmos1esrckc8qpud608f8uj0w004rgv5cvsdtd22wpq,214.78424805
cosmos1s2zlg0w25x2uzla8py2fqwgkfp5xas3lwepnts,265510.05094435
cosmos1s2qslv6garwnuqgjdg8faxghuwu32en427krsm,1.61649578
cosmos1jm98qs5vrh0xz4lg07h5s5z3wpar24cdljqt6p,467.81117668
cosmos1tft5stden4aatd8dq0qgq28lm0xqsgp4jl5wu7,1883.27992761
cosmos1ckjgp605asnhrdfqh6kqrd9mwpu98jg9faj2ru,34074.78029964
cosmos18vzrw6rhv622cqkdt0g6lkfn2uvcm9el7xfhts,15857.80226835
cosmos1ngf5jtdaf0m9utz73rpucv88t0yrztfhkyat9s,1106.15088785
cosmos1ruvprdavhseemq8fnjcwepgz4kmk0spvgykat9,1067.63355994
cosmos1k34rkx6hlrlr80nh2r503jq0em2vqgq39zc6lk,56698.52331951
cosmos10e4hljak4dndmrckzycxw8zvl7c9wtqja0p2ct,39.24536134
cosmos1cukmugmyxpxul5de9qdsyxl90k9gqjac63fm2a,5163.21613515
cosmos1sntm0xyun44ht7qj422f97q36ekanyjtu0wncj,162279.70909278
cosmos168sxjclss4p4c9lt7jhaavqltm9367dk84ay40,84368.00359992
cosmos15fyu8jnxwp7s20u35zd4jneaq2ztl4rd6uf2g2,111.77492887
cosmos15v50ymp6n5dn73erkqtmq0u8adpl8d3ujv2e74,6515.19470368
cosmos198e7zq5m8yxqee79czsmusu94tqlvk30tgsu68,452.59745774
cosmos1hh3vae3k4g3wdv0aqwyxeerh44r6z3vjs0n2m6,2514.3240463
cosmos1z484622d04t7sur0x64x7yaezwlucerv7qh7tl,3361.19825268
cosmos10pa7h4mfc2jz5rlmkkk2p9l5jppp6smn0e54za,3.48889314
cosmos1xan5sprza9ll6hef5vgucs8vx3cr3sm0c7cfrp,6.1172246
cosmos1lt3mx9z8cqdd937zzkwlkj470mma9rjeypc9nh,1011.66566307
cosmos1tw6xk5jcm6j38kzfkw8tr2udjzt47drkul8g4l,65914.95702348
cosmos1x8v0dr9lds90hdcf988xqpwh4j3gdwgrtsd4hz,147.96080601
cosmos1xcl5735xn524uk5lmw0p4slqn0mw63l0vke8ah,97.10876082
cosmos178uf0v9dq6cldemk5ssxdcy84hp5syt26v7adm,368525.5082798
cosmos1d3fajhznwdwdwffl70pa2v82s94ufpvnv7p75y,34999.1285976
cosmos1eu5tpkwqedzzhlwx09qfull3yggc3j56yxs4js,827.19681422
cosmos1n9gyc4fvz4sepn7m7cqw9qsv603dnvv7jjlkjm,4489.70979363
cosmos146gur4rungls6pdu2gwwnu0rasld20dplq8kcz,8468.77955535
cosmos1kzqv5qcpng2pw5s99mk2d3nmefx2h7ea0fw5r5,88603.49109507
cosmos1altcqnu9alamc95pn3067hd76dddcm976479rn,541.81730063
cosmos14xrpsmmgtt49n9az20gjleu5truh046h0lu8w5,5026.00711864
cosmos197j02aa7evv00awsugh4krdagumlz073wd8c9z,8661.69620768
cosmos1vkvghzd0293jvktmh8ajftfzreldq4xgv0agnl,92.20477995
cosmos1ej9gx4w7kkx0y5kgfhrrt809d467sujy529efl,419483.21859008
cosmos1hcrxxacydwnkm30aa8ljtdd4rvng9n06qwlw2w,17812.93691573
cosmos16vr46gcv39ns39wp43eflsqsvrm9cmh2r8gynx,96.6985336
cosmos1my89ku7nzwp46vywrkhjkg4y49ntdlf7eehmvk,15163.68952913
cosmos1zzt6hwc88aq9sl244wpc2ww85h8ne4rc9dn6z4,1942.26066223
cosmos1gl3l78jz7fgjxtrs9ya2f7dmwvj3psu5m2cgk2,1359.91805645
cosmos14x96f63dx3q9dkrmlet9xpf3arx0v9ayuqua2l,8675.78910389
cosmos126ggm9vmfhwxm5f2jr7ydkv84kplevflct3mmr,563844.25938762
cosmos1n7dmp53s9e5e83vmcnzuhneajkkvtahwrlswjm,861.63802682
cosmos13xg32ajvjq759n6p8fe0gv609mvwt95lq90dgt,135117.28011902
cosmos1ggavjtuvjeskvkc7l20jdhfk77jwdlua7yycvd,9715.09649609
cosmos1cd9r8dk89dzew5mt8hgw2kv5c3n7k2axj47u2l,20127.36739533
cosmos1hqllch02cae6cp3yt0epl8n876saqx64lj7f6x,2225.80091052
cosmos1h2dprkuvvy06sp4ztkfdl9ja6rxhqeh8vnu09f,10638.76253517
cosmos17qpll4k7m80tpg35vh25c2g78m8yuneqgysq5j,310377.42593502
cosmos1p9nxd9mznkexjzmvvf5rlryjala58velykswq8,2360.30966412
cosmos1ajv9qpsd0zy5fdwnw79hjw2j9t3yaxrz002xca,179379.18632584
cosmos1ggjty7qmfgetcrwhx9v8say4em6f67lt2fmtfa,7796.07012708
cosmos190g6vfdw2rqcjv3tly5g6wspz04t0dwcmyuwxz,201.75244966
cosmos1jdgp69kkztar35rp0ecqqg5nh8h37jlkmg439q,707.43095555
cosmos19p8w2swctljragzcmtrgsyr0j3acflsq2c93ax,235.15218211
cosmos1l6qrzm8cla3uy8ghpcl7hr88u3hwyyxsqrx7sa,847.70643142
cosmos15uuhyzqr2kkf828r32spyuk3nydkm7seefewmn,78949.50755605
cosmos1rdlp2qaspxuywh8l5wnecttuvfyhkymzt0qt7z,7720.93010196
cosmos1z8sxl4p2cpsry3jtjmdhr2ef5scn3ztzmucjel,86994.78003853
cosmos16mdpxwtkywvpmdhg96uvawsh848sjuvh3fdzae,2.82189245
cosmos1qgc9r4ccvgrsagyl87xwc4kut7sdawgrwdqdsa,2626.39672776
cosmos1ct9d5qh6nw8r3u3rchydua3xnu39gvvywa7qkt,158.01595036
cosmos1tax88h6fz6zewaldrg539f96uzryu9a4y026ha,2.23205459
cosmos1smhv28f7cm92f80jryjgtshnc7m4zuzsnq2m76,8505.01295085
cosmos13xjk4t6ccclqpm8gzcfkuaylrsvevfkrvlvg6v,589.10852124
cosmos10alaesvfwgtuclwdchxwgrhq8usycrjxuymd9q,23536.6450629
cosmos1j4n4udnt2ecvsd4nfl4mjmkuws5z5r72l5mm9l,9381.72083371
cosmos1pmmzw46tspkysnr0fvcgf0v6h04gjsycgns73e,1042.87955143
cosmos1vfm4y2wft5pmjj22mxacxn7hhaupqyalze7ng7,37.15237422
cosmos1029e6x3g9ahtq06tmpsym643lhk5vcg3cgaygs,45971.9163579
cosmos1408m7feru0syhvrktxdqf3d7uhgqpq9lnpszpl,1811.47272619
cosmos1p6a8e89yrjuu78gfaewlllqlfaxt7esnnt2s2j,21.82269307
cosmos1tmtypzyphf3esrgkhnrg76ps0zclhz09y5kc2u,43420.52407538
cosmos16ext0vlmpssleu502k0zdzax7clsknafwth7fc,2316.89489456
cosmos1yp4cmlm8nyqfl2hm3tn6tgzhra39y2d82r0vqn,764306.43545595
cosmos1fvmum0awwchgdfhl36qkdah22vrvjsm8uu4cw6,182.81529747
cosmos1ls4uycvgpy6yrwc6fqxun5zqhjr9eq48q7aaj4,5202.67075161
cosmos1vm03ksczla8zdslvj489a664kf6g3ewa9d8sv2,3046.86829359
cosmos1pz2js90phnxjkczj8z3f7u3x6n4968u3h6qs46,765.75646007
cosmos13snajyq5rqh0jt6l4aydwqvfc7ukpp7yehqu5f,10825.43640982
cosmos1l2n6uflase2ykxrtjw22xa3xe76c8edjguz8cr,908.47106591
cosmos1hgpmg2u5s8yzkghexntf8yr2yz6xzfg2kgs7f4,1114.13702222
cosmos1neuv3lyh8re8ye3h093kywa54c84pknutsxu9s,398277.24525554
cosmos1c6rgrztsmafzgy6e2t96m3kju4gudh52fuxa5t,10806.40160525
cosmos1epg5qfmd6zet55saa53hfcecg62yqc93jdcm3a,759953.5388379
cosmos1jh8lamnxcxq75fks4fu7vmyq9t7n34e00pchtj,35730.34401294
cosmos1sjqhtd6y7v9mgjlgxgafrrcnl3akyzlw3c8vj5,4750.84710185
cosmos1w6hg2r5g8pn74rzet8ell7kur3pr6jtslnxt9x,215.25812371
cosmos17lw4uzu50hzjadqjr6uggju8fga6uldjzxgejc,740181.31094501
cosmos1mrq5x4r4tdjaywlzusj9ww2wrz4e6sf2tfq0vm,12357.9036205
cosmos1j7p424k2p9l746fwpftlvtmzr3pk69kkfgwkqp,0.38189059
cosmos17ph7kwwdr6mhv32gr2cw3ygr7wn7e0erh7gczj,39300.73286281
cosmos1kdkv9qh3vmkmf0pvjnzx3thzaj8j472cqxlmlp,54059.69160639
cosmos1zvcj5cxj5t5q04vmuqrkndukdfkm4mjh7c2qrw,2616.90003301
cosmos1teqmswv7n237umj6w6gxqguln5uf4kv36cp2gq,51.86213709
cosmos19tmv3ym0an87navfsynt4dam35an0a76phwna0,87.29382391
cosmos1yt6ympvhrcln5u6dxegz4haldvsm4vpeqvqrms,2839.77635084
cosmos1mmjpqgjc56x8u99xrxctzvu8qd472zgg6jqjrx,549.72975976
cosmos1x74ggjmnp9l7snuyj5hmyra8zhvfe2zem90p77,2.88684873
cosmos1umnfhmh222nlm22p7t5ynl6xlsnnq7xflw45hl,2132.34931883
cosmos1cs99t9ydff273ankcyllwha4g754529auh5504,429.81698656
cosmos1e4wrzmtlqkawshs6nrca4p48tz9gfuzq9wqe98,56.19415397
cosmos10w4zdc3u80xd6g9azz0ux8f8dp2y379q4v46gz,62948.70731556
cosmos1sucqrps67t38h5k77kzm7eudpgpf9f2huu85pp,110.59612504
cosmos1kuz5mcd23zkt8t6d9g7eckhfk73zkm54g5m40q,1384.42139477
cosmos1yksdf6207dsfdet5ddwsfptrdvnegw0z0k5pkv,95080.96712787
cosmos1fr4dse2hghkw2sd3ve4mm4kml76km97x5dpjp2,233218.57981183
cosmos1rcw83u89eu7l4a0eaz73xrm8xd3s7ma6hvssh4,4266.94071905
cosmos183g4m8hhs4fm35lxt6tsvr0kwrhqrsv2s8zww9,2343.32076426
cosmos1j7u0jcwf33c8ld3vxuhej8uu2r6xfne8fzxw9s,13724.13507823
cosmos16r8masj94zav9fhwg00z9vkx2rpvd9d4me74p5,59.61852677
cosmos10mvzlyf73har96qm7xw7r9r38xsjl3cjq8yyaq,3069.56549867
cosmos18axj9e50ce7kk7qgmsad4ahn2xn74ed99cfce7,83349.30522111
cosmos16uxe9jppeclt0psj94d76kpwwufcgwamv2hnrr,871.49219906
cosmos1plwa6ycwp7nzx73azkec7dcdf5auq2d2yqekr3,320.45459482
cosmos17lxps3f8dg8q3ehaukp5kcnel0w8an8ypruq4s,322.27990977
cosmos1ma73mm4dln58myqg7jfw0dfa76l26tu8mmnmgy,80656.62431918
cosmos1lftjzxjw94dm0xtu96zdqv8jx6c7h790lx7cmy,2863.84374099
cosmos1lfac6wjfzvng8ztjdm27lp02smgv6yuxks33c0,10146.43319794
cosmos1e6xau9d9g7877t2cgzwec8qz5yv0fzrfvje637,4810.5785392
cosmos183qdyydeldj0hr87kelx452gk847gqfyflkpqj,10431.95919011
cosmos1zndla25ltty2lvvmgqqctxlka6ds2tlp7ln0nr,1211.62985337
cosmos1mh35zmh283yzamm9n277jw52yge3mfhedugrzk,116.97055906
cosmos166wh24che2vde7jkx6gx0k6drduskhkxxv504l,7.0296641
cosmos1htmw6k53e55npu7cnpr64u3tjmcms0z7cgjvwr,90.17369747
cosmos1htrwjnmexqwj2f9rc8xg87rwrsqgfykmayjcxs,86.38182036
cosmos1x8v760864hnuzlfweadllszw5w9njdm7jcutxl,940.71422789
cosmos1dqpf7h3d5m80zwteyn5r00c2yhepwkjnuec6md,7813.92874351
cosmos17tuxhl26pwfdxjqyxvmjyp2k4l4u90vwgc2jez,4319.27629584
cosmos17seecjf355ntahgga8sg7lw2xg56tcwq3glezf,101.13430614
cosmos1epa60u2glqwdaxnftf9cv93kwr28gd9s9v7lac,96033.12368715
cosmos1sfctvdzl9emnz9f6epmqrywuhknfuxwfljy5k0,28.76734728
cosmos14y04lc522ncr7spl9w6szx885uc2zn0vw0k678,1959.62186181
cosmos1vxz4mhn2wnuwtsjf2cqvx4fwmx7j5shvvz4rh7,251.26395426
cosmos1djt8j5szdyrdyu79qjuphf6pjm0y7ld085xwev,650177.25398691
cosmos140xq9qeczv6v6rf7c6jwmftke89nvl8cr3jhcu,1406.40190107
cosmos1526zvpk84w38enhqjzxdw24pngrrh4672d4u7z,14389.38063803
cosmos1xjtnw5vykylsujllkhjgdl7zd288h60qvr8rsq,2.19848658
cosmos15hrk6lpujzyfrnfzd5ws8rzwn4cg8asjjhc9ff,62251.07124331
cosmos1ql8yx2ja6w78w0zpc0senpqtnc7sr0y8y3ddvf,2283.51565167
cosmos1qqk82pwu7dapt3jjdex9cqp5hlk9wjxszvkjmk,87.3552926
cosmos1uf693etwywvjrpphf8vwp79avmamdul9whc4jy,1747.89404632
cosmos1d783wckhtw5zmuda27gpm8e99k7mm3w874hf2m,0.0470824
cosmos196xga0zj50ryampxrgdpyhqqq7uuxazppk2exq,806.39423984
cosmos1xrtahzqeqx9xx0nsgxlwkl5tcyxtsdghvw4crv,279052.05777941
cosmos1u0nd0wrdufwxk9t0q2mjm0sjfj9d9kr43gj9fz,16217.14082348
cosmos1mvqa44l3v6zktup920g57u5z38395zzf9u0kds,24796.68303607
cosmos1dz25zr6w7x68ztg8zw8hyjut2trpuueggc7vhj,2.26257096
cosmos1kvs0385k8dn6yhzcgxt0ad5qxysfw3jfrwuqh0,5399.98132545
cosmos1lp6qk4napj5ln9x8shqfr0yug93v2vy75w8aek,1322807.95133199
cosmos1qawmertnrq06g7v37rqaxhp50l3d8607hpe4zm,2561.63270484
cosmos1z6hs4w4ljmsth7dyhljyg7zhp82t36dkgzt0fr,940.86419405
cosmos1jszg5cnwp85t7gyz2rrdnvzptdtm3h3p98vphl,544671.12279292
cosmos134a7uqxdlwfvw9hzrzhnqc80tg36ahvh7axr4n,35229.41167469
cosmos1e5j6wcke5l8np3gys35lrqe7u6azavs42jq36d,50889.62654211
cosmos18va68heywq4wcagypfayaz7sdwpd5wy9kmhmph,576.92856556
cosmos1phxqz3t9d6hugnj8vs6tjpzs4gde04kuah7gdq,6163.77776259
cosmos1cdxrv7u700h9rkzjr6wzars4v5e4qpnqd4jnc6,17473.93011095
cosmos1cqzw9fhgkgfp7cc7dx4drh9jcm4epp29e7ra8e,190.58389371
cosmos105k7t4rtltxza9gtanf6rnvgu0c6h36nfry3kf,97495.86447698
cosmos1gqsqqd90cala3gmq8agxw4904gkfjvq5wt9p6r,8255.96971652
cosmos16vmwg7c9hpnrysscdhvka5cmm9fmwz9kdhev2g,897.38185253
cosmos1zzgv9pve4d9rxl9dasqu8sk84vkzy0yt26vklt,4380.85571745
cosmos12pvwmhnhhnt6rnvn0xex0060mkgp642jkcfae8,33.21532637
cosmos1j0t7qg32drrsqv243sxfjtsfelxegrvhehr9z2,10543.29904271
cosmos1hyel8m6tpe87v85a28qxcqjj25nd4z0zkhap9d,3421.43146636
cosmos1xwt5jawy88sfz07gutm7j0066vvsx0s5acx43u,22982.82741723
cosmos14p39anenq3k9u0l7k3vzymwmq039fg9qsj7vm8,142.72594049
cosmos1gj4xpt8hf3jag7s2ef7zjatakcl5dchv5amx55,74.13952409
cosmos1w7pwly6nsp3jd2yjkea57qhhl5unj5egs639vh,40857.04077059
cosmos1mnn2re4rlsmgzam8llmfxy4xuqmxspxedxxfy4,1755.13514528
cosmos1fweh9ju8xyrprz3shc3cr0t6zfk6jmpg6qezh0,8.23462482
cosmos1quzj9v3egp56xtplh2ptxgg5hfjwl5hkazk4ag,5126.74994333
cosmos1sjymnzz6yk3z6cxm245n9skjutl6mn9gwfy9mp,2765.00644571
cosmos1tc60whrn94w7zy9a8vmaqfu6d7j5cqh80twuwm,3840.10038654
cosmos1gy4da6p04ymt97fkkyhus5q2wqgf4uhkzxx585,19165.29388727
cosmos1c5mh35s6jtg9xc9lqnk5mcn58mssqzqkqf8my9,2398.16696651
cosmos1u4gdl5alufstwmrhas2735k47s7fk84u0lcl86,151.58571498
cosmos134e38vwkemewarmk8g3egnt4afhuh7ua3n3ppg,35.82098853
cosmos1azfgvs3zkkyuhejavkdp8tmjfpsluva75laqrh,1011.82914363
cosmos1l4w5z4pkhfp7yplczw7y43jw2r7sdtgjlpfvej,794.07172911
cosmos1w8ehrexxl5jfx7tkc8n30tne0cpextr8d2wge4,27187.01601412
cosmos1n8q2g4nfjrw6j7wkrtws6m9a8tdykputkwel0z,25777.89554032
cosmos1vrlc8vml4g7z9y7pccztrdwg5zfeespghqnjsc,1451.26881396
cosmos1ajss64qpcfcfx56cg3xtyh7v3245fra4fqhp33,1528.06064666
cosmos1gf962fgw4sdl0ya3ws2a6w4vd7pujcz7kuquxn,8314.3065557
cosmos1gzp2nv9vfee6np54aa57dpuvyd24zx6m2gzm0e,22803.88464727
cosmos1xaktu8cxf9d42lrmwa89n2p7gk6tfd3qpdslwn,2.24556898
cosmos185e582exxpj7lsz9sgwsm4lv5eanml03hxlqm8,1300.54976392
cosmos1myd57va6czsmgqvv9cl84v6yr9j2h6e02jym5s,116.4631154
cosmos19zakdzetuxd47ryk4hr7d4uup3v9lpjdhnk59f,357.10126917
cosmos159nuwjk2v7trz24vkmnx4vfagvplqthw4s5m6x,6557.12071027
cosmos159t7a3wmaun53k6raadcjkmxms65yraavlap5s,8815.64955712
cosmos1r3lfrvh4kn0khkztpd8qze0xaalazlm32y4j75,8885.17108233
cosmos1knzlzrhx6war3te6y20wd3fht875krwnqqnd98,30008.05574893
cosmos1txgcs95gd2s9hk338wfl9nn9vwzfxm729ruf8e,1411.54042205
cosmos1vawc6gh3xt3py7yg8n09c359v30de5z4dzgaax,402.1360221
cosmos13ycystg6nxh93yjk3t44mwgkz5k0z2lzdav3td,646.77923163
cosmos102hrwrcn5ndtqfzrxh2hz7yflq6mnjz42682ln,1143.61888854
cosmos1x2qrp5p6t27leyw7hcql2fzs0q56r6uv0d7565,1.74422859
cosmos108jhu0ffuvztr4yp7kv72j2fu8f5vgy3lv76ep,11999.610905
cosmos16xsd2tu2wc3dqjz72gta964psg8rd0tjz7n0ju,6886.50352344
cosmos1nx4jetnggmdvx6a7dn402pvkww36ucjnjxz7kn,707.1462814
cosmos1pz26f0fm2fq466za72nztwhfswp33kd9aj3gl8,25253.91593061
cosmos1vxnhny6dwz84rw29fpwlsp44f3j594tawpfq32,2.24556898
cosmos12xdxk6rnuyc86zdyu942ls5fp9pwmkdqphypkj,676.5449002
cosmos1qrtgymeta25p2ymstqqukl8yddzlhk6j2xkkw2,3110.99626814
cosmos1x9lwtcw9wqdpxl35knwzqxh3w2r38us8nt7tpy,12.5204312
cosmos1kkq0qqx9r4264y4yeljz3scu2k08umlnfex0n5,72.32903137
cosmos1zmvy75xrultzmnm9g5lztqdf48nm6pt08g9qd3,1075.9889424
cosmos1e3m9j70z3wuc2psurtzwdwu2z3l408c4w9rzgd,542.21401346
cosmos1pulzxj56z0zxdsw88l6fzc0nn88vpzfpm5rjy8,6231.55418731
cosmos1w9tn48hmu6ykm0qgtatye8un0r4wqkftq2a46x,1857.63091753
cosmos12fy8g7pfy2xvmxhtj7n305dqdq4z0hxqrjdhw5,88686.63382058
cosmos10ewmlea68emxwvlgv6vspzm6sgawhdw0p9z6xn,82.25164748
cosmos1vrqetkj7ejpzersa02lrwy0hhxwn9l6q2nfpuc,198027.99062877
cosmos1vzfwadg73pdf8tp62mk63tqv82g2cjc0m2v76n,1801.31644187
cosmos1vk8mh2kktdj3qr8whh90mlw0lnl5xktj4d0ncn,433.01074279
cosmos1m3cuzqfsf267k36nsufv7zjqmll3rfh2t8nt5f,1637.07471582
cosmos1qcnttx9tvjr74xxzmsn9t63sshyy9ekkqw2ra4,26732.68043106
cosmos1vglyfa549r6qrrkkg8c6ejdeh3mehmnlzywggg,193991.50780202
cosmos1q8tyy7jmalnqa7q6njxhar08nwznsf5xmaufme,278102.35299259
cosmos1xl83sc6upxf9g2jjttfqydkm6edraswch9yfk7,259.34512533
cosmos1qe9k906uk29fyyfz6y9ts42c4rlksju27yf0gx,3719.71373769
cosmos1e0lscunr9vr6jmyyjgwrtqtmz0a0yrshn3kpl9,211245.54173678
cosmos1506y694mxecqj8v2tznd2kqghuslp5ctjcdus8,669.68220424
cosmos1qnv49swwjnrukqvmnhen64nkutaty76amrxj5w,22046.59560834
cosmos1g06jtkye02uv3lqyhvyfkqucs7mdrxkz6cxrgq,13081.86616628
cosmos1afpsdku49950g7wm369jhk0fswuaet7eqnfarm,83318.01852941
cosmos16gntf3jag3l9trehf4zut5sp4qg2x72e8g60p6,84.2975522
cosmos1r5tml9nr5zyy3kdz2x5mhs7rygf4ad5hd7vpkx,21334.27723796
cosmos1ec5zlvhzy7tc4kcr3lnk4zr3y6q6r8jw2lz7cf,17474.65683654
cosmos195n6vtzvy0c3045wyhzakn8cw5n07wgx9s6wjf,331.03287696
cosmos16lh3ydzt5ef7nq72huclhxnr89nr2t58qwmgve,1247.73115657
cosmos1udrqpm9mvdmzrjlnppj0ytp2tq7hc66dgwxptv,315214.76297237
cosmos1ejfnml5yuwptka3ntaanjpnepqqt4jlvffqn8l,47.0340112
cosmos1kunsnvdd7sx9ccl0vrxx0nrqzr40x6p0z77yde,12023.5845663
cosmos125mtd3gs76lqwuy5v8ggshq3xqv2ew8jd27u03,25908.28414784
cosmos1rp7ryy0cej7ku230cuk0kjqf58rrh46fu3ku45,7.85491397
cosmos16lql58zsch2jcal7qlekrv24zc63sa90n37eed,0.09678049
cosmos1nktz5wmdgufrca2v22kgsjw9wtkl2q87g88xny,656.77508702
cosmos1c5xzftvsa0dwvcajys4qahy4t4ykk8dcy6n6jt,15939.26136206
cosmos1c552jg4dv3zxxfa5kvufxu0m4zr79zevntk7rm,7049.51500378
cosmos1aqykpchtneekl4tdu5a82xx4v3jzy3s355x50z,1243.24612189
cosmos1x6fwyvnhe0c334gkvmafpgdkg0d0phk6n0eu5r,279.94498381
cosmos1zmygya728cf69eqj8v424zr9gxxypjpmvfn3l0,9673.2310863
cosmos1ydfpzczcxqgxkhzu9eqvq2g9rmputw24ax9qz2,0.95603432
cosmos1nm89cs9df20p6kn93ez3288fpv6lm7z925cc8c,31.62891101
cosmos1nmhwf6c67fg03vclwgkkmhewm04vufzan6wfdr,54469.84471518
cosmos10aj9r5m8wx45hxat5zjsqkse9facdt4rnv0w0f,43683.56342543
cosmos1edshtf0y3tdncxg5nvj9emkpdhuqcyjazckvgr,639146.25188885
cosmos1c2tsxshzfg3kzwxmd9xsudz75va0a6ehv7df2f,40314.13795904
cosmos1mwzknw73v689tk45caja8cq3r96dvshekjvv6t,86960.70807402
cosmos1w5g0z4turew5sq802wu7mfndt4jl3m52kag8fz,570.47391708
cosmos10ckdrrj7334gvhw062dmwkr4ugfkps7l0udk42,159623.27422884
cosmos1t9uqq76hnruefse6mqjnh86fh4jcfxusn4wgw5,262.29605844
cosmos1mgv9lm95syu7tay3d0pyvu6kuzkkpuyd9jpyyv,8288.71770647
cosmos1jzp5z8les9w8rm8662877tezmrne2myfkfa9gf,156.82668377
cosmos1w6tzd4sd0gvkg4czwar4pwtarapf2zlszteul7,1442.95310278
cosmos1agmjgkws6fk8xg8r0ke32fz8dwgh9wqtm4ntnm,2205.71590682
cosmos17masqkrm8z9sr6hqfw7rudp7vzknhm0wupzxf6,12150.54792911
cosmos1j837cacttdtgfrrx3az2zu90kam9d8a53c4uej,115030.9781686
cosmos1uxw4n65uz0gdmy3earmhas53sfyy9mk3va9qa9,2461.05684829
cosmos1uyk0v7jn92f005hhmch8n5fcdagu08lz4c7k8x,0.0344399
cosmos1pvd9nlc29j0rsexze7cn7mgck9rz3ply6ptexh,160.27808537
cosmos1r3sh9hrm85n5f3jfhfjenng5qzql3dejjvtvq4,773.97451887
cosmos1rplxcvpe53c2ccc47yvgzl93cj4nnsypcq2yhg,884.91504295
cosmos1usgq83sr9ta5n8u3ynexrw39tr7scksyw0h8rf,760.29228582
cosmos1c3zqaryddtkzteezy0kv84dt005kgz7pae9l7e,1931.20806849
cosmos1pzmx3yp5fqxkcf9uu65pmja0k9xvmgww56na6d,2757.31152472
cosmos1aztvre2m0429g7e5cwewuslfssva6jy0jnzhus,8.29696541
cosmos1r5d0zggwcu6llw56ww04qmza65n5nsma5s20ts,14452.69295357
cosmos1my8q5dfggu8w29kxc2qp0fsvgkg5v3pfghut7p,402856.49705775
cosmos19mswr7xuzmhx2a3phkr7k4qldxjsmykdd77jlf,3282.02614302
cosmos18gzzqumly0paqctmc5zmlmm378z5yhgcww765w,9112.42911513
cosmos1fdc23d8hu2mgn485rl5n8yyfz2rsrjpu09ge5k,647.1428124
cosmos1776lhcdgns0f8pdfxprs4hyhf5d2negmxs9mzw,318.24913307
cosmos1azf29588q4hwgg6g94uzdt6z5kf02p05sh5w9m,7835.722664
cosmos1rsn32myvvr79dvzxe2wwgjvs4lcjm5dh0s3zm5,4512.24526194
cosmos1c4ghmdl5hxa6cj43slzw5t3p5ucyhp32gkyash,435.21140911
cosmos1nrvhv3eqh5saagwckkdenpqfpta6fjnxtn6gk2,3537.56108142
cosmos1a57t5k6yhla89tm4j0qxu70cruhgtjnj3g3745,281.35222447
cosmos1w9wh3rl5fhxntaccugt6l7gqw9fvzrxzqwdhny,4388.71978633
cosmos1ytxkwk66rgu87gf78pl2v5x2nt0j7n5xv6p4eu,1717.88947815
cosmos1e5autmyyn39rtnu0d6ra78qgundq5kmtr34qe5,11062.23865572
cosmos1ct7r80tf86zx9fhquxtzdtzqml0amrtpssrz9d,1.31917914
cosmos1jr7lvgh5y807ddekqjqr8dxfq2p4av2jnc7eny,349.4338129
cosmos13chr08kvj7w95x6p5059925en2fe75j303ga62,10758.66266587
cosmos1l4sfzv5aja5mxf7s0uwuz2ykqc5jd2uqrm0d0u,11283.72299107
cosmos1tn6s0w2w5ya4ag3hyatngt369rt446vu2tf5rg,2.77045057
cosmos1nzl8vkjtwf25xjv92ydsu3jczx0tag4greteq2,256.19627176
cosmos1lq6rhlhkevpntrev92kd0j7krqlydt4hx00svt,1216.19074304
cosmos1mtp3e29v69xdgguvgq6xs2axt43tql2dz7dew0,7106.90888708
cosmos182h0msmt6lgfpkhvqvs39ryane2j7st6gjztjk,2202.49337801
cosmos16ecvljhy2w4j2z5azjwzrmykfztc3dvply3vka,3718.57373324
cosmos1eqy5fqqeyc5peu8m00gynef5z7zw2hafd774tm,1059327.94967493
cosmos1wafjls8juxy8x3q9zyk48vgfzs8z024znvg96e,578.8515329
cosmos17cyvlptxlv938et8v5usxf0qgc57vlu00planr,2453.09687081
cosmos129cjrscfj2xyuqy650zduy75ze6hvux0djaqm7,175.25421256
cosmos1fxltmzw7qk7h6qzz5x4fah3v64xgwteltrwq57,2425.67660335
cosmos1kyjhza27tflvdemsdh35rx7wjqjf33lker276k,13739.18575255
cosmos1dhxwz6fh90durlswwt8t0938kgu4epts55ju6k,41524.87935006
cosmos1ffsqgdpzgwzahcxdfkd86ndkvrwtad755an4fm,71747.14738306
cosmos1rxq3ks8l3867056p34rywdn0y5a3pdtnnpsmgm,44000.88616865
cosmos1l587yluremlets8r2k43jyrjwaf83k5naltw27,1132.46820646
cosmos1x78e2rtdtcup5ujj6an9wm28ewjc3r7ngawkca,540.07220014
cosmos1lv3s0qu27jyj870usassuesq4nj4z57acekgrm,643.3718608
cosmos1w7jnz5jppd2v7e9h34gmgdcqh8897rv9ywqzxa,730.12685278
cosmos14ezcpwktatg0m05hwswp7te8m8ze3uew5fxcwe,1094.32317828
cosmos1dwrled3mc4djg6l0e0hyhqv8tk5nzke8dv2d2w,6031.13530308
cosmos1wajmnlt3mlx9jaxzp0ez9zjmxg8lw3qxaj8tkv,23467.11089519
cosmos1m35fnycvztexdvkmltmermakdyx8czkljqe89a,64738.79722038
cosmos1j9f4dy0kstg0q50sywgvufswqdh65qrg6hq2mh,3325.21421953
cosmos1l7l89dkrq4llya4y7c6q6me9ad20ulyr4upyzp,54930.56999044
