dig1z4af4s32r4s62wan2gjas3nugkh96s5u5t5p3d,675372
dig1r0tsyt2gu5jnhtkzw9kwza0akjv5tmeelw3tj2,675372
dig1up3slj4nr5y23gxkvqn8h5ra9mv0pj2v7hjnu7,675372
dig1wd02ktcvpananlvd9u6jm3x3ap3vmw59rhen8u,675372
dig1zqp8f7ehuf64psmg0tz3cydacgk2nshgwlwr0w,675372
dig1v3s0uj5ck80fywfft0g6pen76t6kxgyrefe2vh,675372
dig1ujjqsrsm6dm5x2k7ks0ptx3egql8qtkmspz9xd,675372
dig19t8pv54jwdhynr69tqz8xfywuz0874run6m97k,675372
dig17na4257au75qq0597x59sud46t3cjwwyztsmpa,675372
dig1ehdxjlw6h2akjdv30azsew059ppz4zd0840gmk,675372
dig1dv3v662kd3pp6pxfagck4zyysas82ads7893xq,1350745
dig1ae0l4f2shll7es42xkqvqsv2a44alpshla9ace,675372
dig13q2gdmtw4py2zfvlqz0kuveyx6cf9shdqlwktc,675372
dig1gh9w7pl08ef2cqwz7gsl7hpx7xjxgjzvfr3qc8,675372
dig15aypjrl4uusplkccqrygy9vfuj8w4tp3vu64q9,675372
dig1uvwt062hfrmg893dr8n347rvt7w02n9gsgane0,675372
dig17rqmycx6snk6pqa2fmlwe5tqvajnwahwt4wxnp,675372
dig14wamjf82msz372kepqfferxzqn29fj6ppshx3m,675372
dig1lu3at7mda24anr9eecdhyt9wsq8dwhrn95u7ah,675372
dig1wm5f0szgru5fu2mydmqz570777e9k978kh2kph,675372
dig1n0mvxekzmlkmx7kagkyhzxg2hgf82uewspuvu4,675372
dig160ne0z3gclyxcl2u9864nnsxefv8lncdyn4kjp,675372
dig1une4j7h764zm66f0qnstmf6dh8njhdm54ljq66,675372
dig1t9lapqrrjzft0v4sm32zs7hp40ehak3wna8tun,675372
dig1uc8nz85axexc9svkxjy0ccm28cc0uctv0lcrxa,675372
dig1ekl9pelurzyy680p7a3le64jm7l06j9y6z22az,675372
dig1hs9y3vhtsfzyuaqvws39mjanf6eygf0yk3ra9e,675372
dig1ux7dwg75luj2adha09ykk6dqd80ln9fxdxwy48,675372
dig15y7y3ep5xjww3z4ujqaz3qp2vw7rn3fgde7rha,675372
dig1c5d96cmt445tks6fx4398nyvgwymagvjx2ll9g,675372
dig1zhszu7zcmw3c8x6zzseek3eseh7xywnt66damg,675372
dig12f9cva567qmw8slegh5vnngx8232ecywpyl2zu,675372
dig16myw4whljwcjkzy9cpdppzrurwqkqwj8v65s8e,675372
dig15fdaxsuyxeu56st8at846elccv5zexvwuqvj4p,675372